Country (ISO),Country code (WB),Country code (alpha 3 ISO),Currency(ISO),Currency code (ISO),Country code lookup,Alpha 2 country code lookup,Country Code,1960,1961,1962,1963,1964,1965,1966,1967,1968,1969,1970,1971,1972,1973,1974,1975,1976,1977,1978,1979,1980,1981,1982,1983,1984,1985,1986,1987,1988,1989,1990,1991,1992,1993,1994,1995,1996,1997,1998,1999,2000,2001,2002,2003,2004,2005,2006,2007,2008,2009,2010,2011,2012,2013,2014
Afghanistan,AFG,AFG,Afghani,AFN,Afghanistan,AF,AFG,,,,,,,,,,,,,,,,,,,,,,,,,,,,,,,,,,,,,,,,,,,,1.98,1.77,1.59,1.44,1.34,1.09,1.07,1.09,1.00,0.90,0.84,0.77
Angola,AGO,AGO,Kwanza,AOA,Angola,AO,AGO,,,,,,,,,,,,,,,,,,,,,,,,,,,10079236779.73,11092494763.59,10303487194.71,10072673115.83,8688223560.90,7837210362.30,2952985207.32,837155142.72,61861166.29,2780768.01,139372.44,2534.26,1304.17,963.79,146.71,28.31,13.72,5.66,3.06,2.19,1.73,1.53,1.36,1.13,1.22,1.00,0.81,0.77,0.74
Albania,ALB,ALB,Lek,ALL,Albania,AL,ALB,,,,,,,,,,,,,,,,,,,,,,36.62,37.43,37.44,37.45,37.46,37.33,38.24,38.24,38.24,38.24,38.42,27.72,7.93,3.69,2.67,2.53,1.97,1.73,1.52,1.45,1.39,1.35,1.30,1.26,1.19,1.15,1.13,1.11,1.06,1.03,1.00,0.97,0.94,0.92
United Arab Emirates,ARE,ARE,UAE Dirham,AED,United Arab Emirates,AE,ARE,,,,,,,,,,,,,,,,,3.53,3.16,3.00,3.11,2.91,2.66,2.48,2.45,2.54,2.71,2.69,2.73,2.64,2.57,2.53,2.45,2.43,2.39,2.36,2.36,2.27,2.15,2.17,2.27,2.09,1.87,1.92,1.85,1.78,1.64,1.41,1.26,1.12,0.94,1.11,1.00,0.86,0.81,0.77
Argentina,ARG,ARG,Argentine Peso,ARS,Argentina,AR,ARG,,2735457889290.19,2273661399498.70,1764280987273.56,1404781249424.48,1090883652627.89,899824501791.58,716401032629.49,555271026180.93,503531591477.08,467116020370.42,438738936118.57,334223646192.80,203491175844.11,122929182701.54,94104545173.47,31610808960.94,5872092013.63,2263483751.38,866000283.86,350073017.93,183437197.38,88890072.58,28896281.96,5990736.15,847662.59,116789.76,66943.00,29479.09,6034.72,191.12,8.78,3.77,3.37,3.42,3.32,3.22,3.22,3.24,3.29,3.36,3.32,3.36,2.57,2.33,2.13,1.96,1.73,1.51,1.27,1.15,1.00,0.85,0.74,0.64
Armenia,ARM,ARM,Armenian Dram,AMD,Armenia,AM,ARM,,,,,,,,,,,,,,,,,,,,,,,,,,,,,,,,47220.84,26323.58,3935.90,263.95,6.27,2.40,2.01,1.71,1.54,1.54,1.56,1.50,1.47,1.40,1.32,1.28,1.22,1.17,1.11,1.08,1.00,0.96,0.97,0.98
Antigua and Barbuda,ATG,ATG,East Caribbean Dollar,XCD,Antigua and Barbuda,AG,ATG,,,,,,,,,,,,,,,,,,,4.76,4.38,3.81,3.47,3.20,2.89,2.72,2.64,2.45,2.27,2.11,1.88,1.80,1.76,1.71,1.67,1.64,1.59,1.54,1.50,1.47,1.44,1.42,1.24,1.21,1.20,1.22,1.20,1.15,1.15,1.11,1.06,1.00,1.00,1.03,1.02,1.01
Australia,AUS,AUS,Australian Dollar,AUD,Australia,AU,AUS,,13.42,13.00,13.02,12.80,12.40,12.04,11.72,11.18,10.94,10.44,9.94,9.45,8.89,8.16,7.02,6.02,5.28,4.74,4.38,4.03,3.67,3.35,2.99,2.72,2.52,2.41,2.27,2.12,1.97,1.81,1.71,1.66,1.63,1.62,1.61,1.57,1.53,1.51,1.49,1.49,1.45,1.39,1.35,1.31,1.27,1.22,1.16,1.11,1.06,1.01,1.00,0.94,0.92,0.90
Azerbaijan,AZE,AZE,Azerbaijanian Manat,AZN,Azerbaijan,AZ,AZE,,,,,,,,,,,,,,,,,,,,,,,,,,,,,,,,61121.48,33299.73,2857.54,337.15,22.70,3.52,2.78,2.55,2.57,2.52,2.24,2.18,2.12,2.00,1.84,1.59,1.43,1.18,0.92,1.14,1.00,0.82,0.80,0.79
Burundi,BDI,BDI,Burundi Franc,BIF,Burundi,BI,BDI,,74.93,62.40,64.71,61.81,58.63,59.24,57.43,60.66,58.86,55.86,53.11,52.39,50.23,47.61,42.34,34.96,32.35,28.30,25.16,19.94,17.14,18.24,17.26,16.22,13.84,13.17,13.76,14.24,13.76,11.99,11.32,10.87,10.31,9.57,8.98,7.73,6.76,5.10,4.58,3.98,2.87,2.52,2.49,2.23,1.97,1.66,1.61,1.51,1.22,1.12,1.00,0.87,0.76,0.66
Benin,BEN,BEN,CFA Franc BCEAO,XOF,Benin,BJ,BEN,,10.70,10.59,10.20,9.95,9.98,9.78,9.67,9.66,9.35,9.04,8.61,8.47,8.04,7.67,6.68,5.85,5.13,4.87,4.34,3.84,3.48,3.24,2.79,2.66,2.61,2.75,2.85,2.77,2.78,2.72,2.67,2.65,2.57,2.51,1.86,1.61,1.51,1.46,1.38,1.38,1.32,1.28,1.26,1.23,1.23,1.18,1.14,1.11,1.04,1.02,1.00,0.98,0.92,0.86
Burkina Faso,BFA,BFA,CFA Franc BCEAO,XOF,Burkina Faso,BF,BFA,,7.21,7.08,6.94,6.60,6.48,6.52,6.38,6.67,6.69,6.25,6.15,5.94,5.54,5.40,4.86,4.49,4.21,3.55,3.10,2.87,2.64,2.33,2.14,2.03,1.90,1.89,2.02,1.99,1.93,1.84,1.80,1.88,1.87,1.90,1.66,1.55,1.55,1.52,1.41,1.35,1.38,1.32,1.28,1.26,1.26,1.22,1.23,1.20,1.10,1.07,1.00,0.97,0.95,0.93
Bangladesh,BGD,BGD,Taka,BDT,Bangladesh,BD,BGD,,52.06,49.00,48.99,46.58,51.04,47.29,44.49,38.76,41.13,36.78,36.59,35.54,34.04,21.09,14.59,8.08,9.81,10.14,8.07,7.17,6.10,5.52,5.03,4.63,4.06,3.66,3.39,3.05,2.84,2.62,2.46,2.31,2.24,2.23,2.15,2.01,1.92,1.87,1.77,1.69,1.66,1.64,1.59,1.52,1.46,1.39,1.32,1.23,1.13,1.06,1.00,0.93,0.86,0.79
Bulgaria,BGR,BGR,Bulgarian Lev,BGN,Bulgaria,BG,BGR,,,,,,,,,,,,,,,,,,,,,,1628.47,1583.80,1554.01,1564.11,1522.44,1518.96,1498.79,1497.84,1583.17,1483.34,1175.50,359.99,225.59,149.31,86.45,53.24,26.89,2.47,1.91,1.84,1.72,1.63,1.55,1.52,1.46,1.36,1.27,1.16,1.07,1.03,1.00,0.95,0.93,0.91
Bahrain,BHR,BHR,Bahraini Dinar,BHD,Bahrain,BH,BHR,,,,,,,,,,,,,,,,,,,,,,2.48,2.08,1.83,1.90,1.91,1.94,2.35,2.34,2.29,2.20,2.10,2.14,2.22,2.29,2.13,2.11,2.11,2.09,2.25,2.19,1.68,1.74,1.68,1.55,1.40,1.23,1.13,1.04,0.93,1.07,1.00,0.90,0.89,0.88
BAHAMAS,BHS,BHS,Bahamian Dollar,BSD,Bahamas,BS,BHS,,8.81,8.71,8.62,8.50,8.38,8.21,7.91,7.56,7.18,6.60,6.21,5.94,5.56,5.27,4.66,4.21,4.11,4.04,3.95,3.64,3.31,2.81,2.71,2.56,2.48,2.29,2.18,2.05,2.02,1.98,1.89,1.84,1.77,1.79,1.75,1.73,1.72,1.28,1.24,1.18,1.17,1.16,1.12,1.11,1.09,1.04,1.03,1.00,0.99,1.00,1.00,1.02,1.00,0.99
Bosnia and Herzegovina,BIH,BIH,Convertible Mark,BAM,Bosnia and Herzegovina,BA,BIH,,,,,,,,,,,,,,,,,,,,,,,,,,,,,,,,,,,,1.99,1.83,2.21,1.95,1.99,1.83,1.42,1.38,1.32,1.31,1.28,1.23,1.16,1.10,1.02,1.02,1.00,0.98,0.97,0.97
Belarus,BLR,BLR,Belarussian Ruble,BYR,Belarus,BY,BLR,,,,,,,,,,,,,,,,,,,,,,,,,,,,,,,,20984003.64,10306590.92,877798.25,76102.04,3721.18,488.67,317.91,185.21,104.88,25.16,8.82,4.91,3.39,2.59,2.12,1.78,1.61,1.42,1.17,1.11,1.00,0.58,0.33,0.19
Belize,BLZ,BLZ,Belize Dollar,BZD,Belize,BZ,BLZ,,4.86,4.78,4.71,4.67,4.57,4.33,4.09,3.97,3.90,3.90,3.63,3.45,3.50,3.05,2.51,2.14,2.12,2.07,1.93,1.86,1.67,1.71,1.84,1.70,1.56,1.59,1.52,1.40,1.34,1.31,1.28,1.31,1.26,1.24,1.20,1.13,1.11,1.12,1.11,1.13,1.13,1.13,1.11,1.14,1.12,1.09,1.05,1.00,0.98,1.01,1.00,0.96,0.95,0.95
Bermuda,BMU,BMU,Bermudian Dollar,BMD,Bermuda,BM,BMU,,17.07,16.91,16.75,16.54,16.46,16.23,15.81,15.28,14.02,13.19,12.42,11.33,10.35,9.17,7.98,7.50,7.30,6.68,6.37,5.98,5.45,4.63,4.12,3.71,3.37,3.13,2.96,2.78,2.65,2.51,2.36,2.22,2.16,2.05,2.01,1.93,1.49,1.44,1.40,1.36,1.42,1.44,1.33,1.29,1.23,1.15,1.10,1.04,1.01,1.01,1.00,1.00,0.97,0.93
"BOLIVIA, PLURINATIONAL STATE OF",BOL,BOL,Boliviano,BOB,Bolivia,BO,BOL,,5012246.51,4703777.77,4541641.23,4488616.36,4174708.93,3975287.86,3870840.26,3794648.75,3975287.86,3861535.77,3643894.53,3554814.16,2987338.36,2089776.08,1293662.04,1212482.94,1116437.05,992066.61,869442.13,725761.81,580382.19,448219.91,173538.46,47519.01,3078.86,24.75,7.50,6.54,5.57,4.92,4.23,3.60,3.18,2.98,2.76,2.48,2.22,2.10,1.96,1.92,1.82,1.79,1.74,1.64,1.51,1.43,1.26,1.17,1.06,1.09,1.00,0.87,0.82,0.76
Brazil,BRA,BRA,Brazilian Real,BRL,Brazil,BR,BRA,,419112952137329.00,319196405553698.00,178490774588201.00,105139054446087.00,54241611922183.60,35830273324915.50,25702122953502.70,19886382811892.40,15699278600725.80,12983836161822.80,11088549673219.00,9220948615383.73,7739304577427.14,6309308972222.45,4680489821941.00,3496496486035.98,2368467040408.71,1620244961028.44,1148622752567.81,734035364042.74,391889172633.42,189122891654.11,92330571383.16,38439738547.80,12289477590.28,3704735305.98,1510462760.37,496693768.04,66127626.90,5051298.57,178145.62,34642.80,3243.15,154.34,6.56,3.39,2.90,2.69,2.58,2.38,2.24,2.06,1.86,1.64,1.51,1.41,1.33,1.26,1.16,1.08,1.00,0.93,0.89,0.84
Barbados,BRB,BRB,Barbados Dollar,BBD,Barbados,BB,BRB,,16.59,16.75,17.56,14.81,15.66,16.49,15.91,15.65,14.52,13.89,12.94,12.11,11.02,8.98,6.83,6.11,5.68,5.21,4.94,4.39,3.58,3.15,2.86,2.70,2.56,2.46,2.45,2.25,2.25,2.14,1.71,1.68,1.65,1.58,1.56,1.51,1.44,1.45,1.34,1.31,1.30,1.27,1.26,1.24,1.17,1.10,1.05,1.02,1.02,0.96,1.00,1.02,1.06,1.09
Brunei Darussalam,BRN,BRN,Brunei Dollar,BND,Brunei Darussalam,BN,BRN,,,,,,,,,,,,,,,,3.33,3.15,2.99,2.76,2.82,2.50,1.34,1.23,1.29,1.46,1.48,1.52,2.23,2.01,2.18,2.01,1.85,1.90,1.87,1.93,2.11,2.05,1.97,1.81,2.05,1.84,1.42,1.51,1.50,1.42,1.22,1.03,0.93,0.92,0.82,1.05,1.00,0.84,0.83,0.82
Bhutan,BTN,BTN,Ngultrum,BTN,Bhutan,BT,BTN,,,,,,,,,,,,,,,,,,,,,,7.09,6.79,6.32,5.93,5.38,5.07,4.75,4.73,4.12,3.91,3.70,3.40,3.11,2.87,2.55,2.36,2.18,1.94,1.75,1.63,1.60,1.52,1.45,1.40,1.35,1.28,1.21,1.17,1.11,1.06,1.00,0.92,0.91,0.89
Botswana,BWA,BWA,Pula,BWP,Botswana,BW,BWA,,70.71,69.36,68.43,67.64,65.96,63.51,60.04,55.81,54.62,53.77,50.74,48.48,43.76,39.82,35.30,30.31,27.23,25.95,23.07,18.93,17.18,17.20,16.58,15.25,13.21,10.75,9.43,8.36,6.82,6.00,5.64,5.36,5.03,4.45,4.06,3.79,3.27,3.10,2.83,2.48,2.17,2.00,1.98,1.92,1.74,1.51,1.40,1.34,1.23,1.19,1.00,0.95,0.93,0.92
Central African Republic,CAF,CAF,CFA Franc BEAC,XAF,Central African Republic,CF,CAF,,13.61,13.01,12.40,11.85,11.02,10.49,10.04,10.12,8.71,9.06,8.67,8.26,7.89,7.72,7.33,6.14,4.88,4.38,4.01,3.61,3.05,2.68,2.22,2.00,1.97,1.47,1.52,1.56,1.52,1.48,1.45,1.46,1.42,1.47,1.18,1.07,1.11,1.11,1.11,1.07,0.98,0.98,1.00,0.99,1.03,0.98,0.98,1.00,0.95,0.99,1.00,0.99,0.99,0.99
Canada,CAN,CAN,Canadian Dollar,CAD,Canada,CA,CAN,,7.84,7.81,7.70,7.54,7.35,7.11,6.77,6.49,6.26,5.99,5.72,5.45,5.15,4.69,4.07,3.68,3.36,3.15,2.95,2.68,2.44,2.20,2.03,1.93,1.86,1.81,1.75,1.68,1.61,1.54,1.49,1.45,1.43,1.41,1.39,1.36,1.34,1.32,1.33,1.31,1.25,1.24,1.23,1.19,1.15,1.11,1.08,1.05,1.01,1.03,1.00,0.97,0.95,0.94
Switzerland,CHE,CHE,Swiss Franc,CHF,Switzerland,CH,CHE,,,,,,,,,,,,3.06,2.80,2.55,2.36,2.21,2.06,2.01,2.00,1.93,1.89,1.84,1.75,1.63,1.59,1.53,1.50,1.45,1.42,1.38,1.34,1.28,1.21,1.19,1.16,1.15,1.14,1.14,1.13,1.14,1.13,1.12,1.10,1.10,1.09,1.08,1.08,1.05,1.03,1.00,1.00,1.00,1.00,1.00,0.99
Chile,CHL,CHL,Chilean Peso,CLP,Chile,CL,CHL,,3199285.31,2976804.92,2657386.94,1846100.03,1260928.22,893254.71,695201.09,555394.55,415028.58,296383.02,210658.34,178138.18,96008.66,18678.48,2440.40,561.47,160.14,77.82,49.36,33.87,26.30,23.27,21.44,16.41,14.57,11.15,9.13,7.26,5.91,5.21,4.25,3.47,3.08,2.75,2.42,2.19,2.14,2.05,2.01,1.96,1.78,1.71,1.64,1.55,1.44,1.34,1.19,1.14,1.13,1.09,1.00,0.97,0.95,0.93
China,CHN,CHN,Yuan Renminbi,CNY,China,CN,CHN,,5.76,5.14,5.21,5.31,5.28,5.16,5.25,5.21,5.15,5.35,5.49,5.46,5.46,5.45,5.44,5.50,5.51,5.45,5.35,5.17,4.98,4.87,4.88,4.83,4.60,4.18,3.99,3.79,3.38,3.12,2.95,2.76,2.55,2.21,1.83,1.61,1.52,1.49,1.51,1.52,1.49,1.46,1.46,1.42,1.33,1.28,1.23,1.14,1.06,1.07,1.00,0.93,0.91,0.89
CÔTE D'IVOIRE,CIV,CIV,CFA Franc BCEAO,XOF,Côte d'Ivoire,CI,CIV,,14.64,14.22,13.80,13.40,13.02,12.63,12.63,12.48,11.79,11.58,11.24,11.35,11.07,9.78,7.72,7.40,6.26,4.86,4.65,4.37,3.52,3.42,3.15,2.89,2.45,2.45,2.50,2.60,2.61,2.64,2.76,2.75,2.75,2.59,1.77,1.59,1.52,1.45,1.38,1.37,1.37,1.32,1.26,1.24,1.23,1.18,1.13,1.10,1.02,1.02,1.00,0.95,0.94,0.93
Cameroon,CMR,CMR,CFA Franc BEAC,XAF,Cameroon,CM,CMR,,14.55,13.85,13.43,13.47,12.90,12.55,12.53,10.13,9.58,9.10,8.43,8.15,7.55,7.09,6.41,6.04,5.05,4.77,4.61,4.09,3.58,3.29,2.92,2.59,2.28,2.05,2.05,2.10,2.08,2.12,2.09,2.02,2.04,1.76,1.54,1.40,1.37,1.32,1.27,1.25,1.21,1.19,1.15,1.15,1.13,1.10,1.06,1.04,1.00,1.03,1.00,0.96,0.94,0.91
CONGO,COG,COG,CFA Franc BEAC,XAF,Congo (Brazzaville),CG,COG,,22.74,21.40,20.52,19.04,18.34,17.80,16.18,15.33,15.49,15.04,14.50,13.39,12.46,11.56,10.69,9.87,9.08,7.93,8.00,6.83,5.68,4.45,4.19,3.94,3.52,3.43,4.85,4.50,4.80,4.26,4.30,4.37,4.44,4.49,3.28,3.17,2.69,2.56,3.13,2.42,1.65,1.91,1.95,2.03,1.74,1.44,1.21,1.20,0.96,1.21,1.00,0.90,0.91,0.93
Colombia,COL,COL,Colombian Peso,COP,Colombia,CO,COL,,2582.82,2389.68,2242.13,1816.64,1563.84,1428.97,1243.02,1147.49,1052.29,974.11,870.68,785.69,695.50,578.83,461.66,375.65,299.67,232.01,198.12,159.72,125.17,101.95,81.71,67.87,55.55,44.48,34.44,27.91,21.85,17.52,13.90,11.01,9.01,7.04,4.84,4.08,3.49,2.98,2.60,2.31,1.75,1.65,1.55,1.45,1.35,1.28,1.21,1.16,1.07,1.04,1.00,0.93,0.91,0.89
Comoros,COM,COM,Comoro Franc,KMF,Comoros,KM,COM,,,,,,,,,,,,,,,,,,,,,,4.24,3.71,3.48,3.02,2.84,2.66,2.47,2.40,2.35,2.22,2.17,2.01,2.15,2.09,1.91,1.77,1.71,1.70,1.67,1.58,1.53,1.41,1.35,1.29,1.26,1.24,1.21,1.15,1.09,1.04,1.00,0.96,0.93,0.91
Cape Verde,CPV,CPV,Cape Verde Escudo,CVE,Cape Verde,CV,CPV,,,,,,,,,,,,,,,,,,,,,,2.66,2.43,2.07,1.87,1.72,1.66,1.41,1.32,1.25,1.21,1.01,0.96,0.97,0.89,0.93,0.96,0.97,0.98,0.97,0.93,1.03,0.99,1.01,0.96,1.02,1.02,0.98,1.01,0.97,0.98,1.00,0.98,0.95,0.92
Costa Rica,CRI,CRI,Costa Rican Colon,CRC,Costa Rica,CR,CRI,,655.53,634.01,630.31,618.25,607.50,612.81,605.57,592.08,580.04,555.16,517.30,504.96,474.53,413.21,335.36,269.28,230.94,197.49,183.01,167.67,141.10,100.00,54.30,33.33,28.27,24.12,20.22,18.02,14.93,12.94,11.05,8.76,7.27,6.57,5.69,4.65,4.02,3.50,3.12,2.71,2.54,2.34,2.14,1.98,1.77,1.60,1.44,1.32,1.17,1.08,1.00,0.96,0.92,0.89
Cuba,CUB,CUB,Peso Convertible,CUC,Cuba,CU,CUB,,,,,,,,,,,,3.44,3.08,2.88,2.79,2.49,2.39,2.38,2.48,2.27,2.20,2.09,2.15,2.19,2.16,2.11,2.15,2.24,2.23,2.20,2.19,2.08,2.24,2.16,1.82,1.44,1.30,1.34,1.36,1.34,1.29,1.27,1.26,1.21,1.17,1.16,1.16,1.05,1.01,1.02,1.01,1.00,0.97,0.94,0.91
Czech Republic,CZE,CZE,Czech Koruna,CZK,Czech Republic,CZ,CZE,,,,,,,,,,,,,,,,,,,,,,,,,,,,,,,,3.67,2.70,2.40,1.98,1.76,1.62,1.47,1.36,1.24,1.21,1.20,1.14,1.11,1.10,1.06,1.07,1.06,1.03,1.01,0.98,1.00,1.01,0.99,0.98
Dominica,DMA,DMA,East Caribbean Dollar,XCD,Dominica,DM,DMA,,,,,,,,,,,,,,,,,,,4.85,4.36,3.63,3.11,3.11,2.97,2.75,2.58,2.38,2.24,2.14,2.04,1.91,1.85,1.72,1.65,1.61,1.52,1.49,1.45,1.41,1.41,1.37,1.07,1.04,1.04,1.07,1.02,1.03,1.06,0.98,0.95,0.97,1.00,0.97,0.96,0.96
Denmark,DNK,DNK,Danish Krone,DKK,Denmark,DK,DNK,,12.53,12.01,11.26,10.65,10.18,9.47,8.87,8.35,7.80,7.29,6.73,6.27,5.72,5.14,4.55,4.01,3.67,3.37,3.09,2.89,2.66,2.41,2.19,2.04,1.92,1.84,1.80,1.71,1.65,1.57,1.53,1.49,1.46,1.45,1.43,1.41,1.39,1.36,1.34,1.32,1.28,1.25,1.22,1.20,1.18,1.14,1.12,1.09,1.05,1.04,1.00,0.99,0.97,0.95
Dominican Republic,DOM,DOM,Dominican Peso,DOP,Dominican Republic,DO,DOM,,212.46,213.35,198.21,184.91,181.10,183.03,187.46,184.17,177.03,172.15,168.61,166.63,154.25,147.60,125.39,107.21,104.23,94.26,92.50,83.95,75.17,71.52,66.37,64.14,54.21,34.91,31.91,27.89,19.43,15.72,10.45,5.15,4.88,4.65,4.22,3.85,3.73,3.43,3.24,3.13,2.92,2.78,2.64,1.97,1.36,1.32,1.26,1.19,1.08,1.05,1.00,0.94,0.89,0.85
Algeria,DZA,DZA,Algerian Dinar,DZD,Algeria,DZ,DZA,,152.26,147.15,143.77,142.98,140.60,138.52,136.05,134.29,130.19,127.74,121.73,103.90,108.92,99.36,66.73,63.00,56.84,50.78,46.13,40.47,32.15,28.12,27.58,25.83,23.82,22.69,22.16,20.36,18.67,16.09,12.35,8.03,6.59,5.80,4.49,3.49,2.82,2.63,2.72,2.45,1.97,2.01,1.98,1.83,1.63,1.40,1.27,1.19,1.03,1.16,1.00,0.85,0.80,0.76
EGYPT,EGY,EGY,Egyptian Pound,EGP,Egypt,EG,EGY,,62.65,62.54,62.29,60.81,57.22,55.52,53.08,52.37,51.91,51.15,50.05,48.86,47.66,42.74,38.43,34.81,30.95,28.16,25.37,20.74,17.57,17.37,15.91,14.69,13.22,12.12,10.75,8.20,7.21,6.08,5.14,4.49,3.75,3.46,3.19,2.86,2.67,2.43,2.34,2.32,2.21,2.17,2.10,1.97,1.76,1.66,1.55,1.37,1.22,1.10,1.00,0.90,0.80,0.71
Eritrea,ERI,ERI,Nakfa,ERN,Eritrea,ER,ERI,,,,,,,,,,,,,,,,,,,,,,,,,,,,,,,,,,8.29,8.41,7.61,6.93,6.36,6.12,5.61,5.48,4.39,3.81,3.28,2.69,2.16,2.00,1.80,1.68,1.44,1.12,1.00,0.88,0.80,0.72
Ethiopia,ETH,ETH,Ethiopian Birr,ETB,Ethiopia,ET,ETH,,,,,,,,,,,,,,,,,,,,,,,6.99,6.71,6.53,6.72,5.10,5.38,5.73,5.56,5.26,5.10,4.28,3.70,3.27,3.17,2.82,2.81,2.80,2.81,2.75,2.51,2.66,2.76,2.45,2.36,2.15,1.92,1.64,1.26,1.01,1.00,0.83,0.62,0.46
European Union,EUU,EUU,Euro,EUR,0,0,EUU,,12.45,12.10,11.65,11.26,10.78,10.31,9.89,9.58,9.19,8.83,8.34,7.82,7.32,6.73,6.01,5.31,4.79,4.40,4.03,3.74,3.35,3.06,2.80,2.65,2.50,2.39,2.31,2.24,2.17,2.07,1.95,1.82,1.72,1.64,1.58,1.50,1.46,1.41,1.37,1.33,1.29,1.25,1.21,1.17,1.15,1.12,1.09,1.05,1.02,1.01,1.00,0.98,0.96,0.95
Fiji,FJI,FJI,Fiji Dollar,FJD,Fiji,FJ,FJI,,15.83,15.74,15.52,15.67,15.19,14.08,13.73,14.25,13.79,12.95,12.12,11.73,10.22,8.81,6.80,5.47,5.07,5.07,4.85,4.49,3.83,3.79,3.38,3.16,3.07,2.84,2.75,2.57,2.39,2.32,2.18,2.06,1.93,1.80,1.79,1.77,1.72,1.66,1.55,1.45,1.52,1.47,1.42,1.32,1.29,1.21,1.16,1.13,1.08,1.08,1.00,0.94,0.92,0.91
Gabon,GAB,GAB,CFA Franc BEAC,XAF,Gabon,GA,GAB,,29.78,28.83,28.44,35.70,26.73,27.58,26.48,24.93,23.42,22.31,22.41,21.04,22.69,16.84,10.18,9.75,8.50,7.75,7.53,6.33,4.63,4.19,3.58,3.48,3.11,3.15,3.98,3.94,3.84,3.56,3.09,3.48,3.48,3.49,2.38,2.35,2.07,2.05,2.50,2.09,1.63,1.74,1.75,1.75,1.65,1.41,1.30,1.24,0.99,1.19,1.00,0.87,0.87,0.86
United Kingdom,GBR,GBR,Pound Sterling,GBP,United Kingdom,GB,GBR,,17.21,16.65,16.05,15.74,15.13,14.44,13.84,13.45,12.91,12.24,11.35,10.38,9.61,8.96,7.79,6.13,5.33,4.68,4.20,3.66,3.07,2.75,2.56,2.43,2.32,2.19,2.12,2.01,1.89,1.77,1.63,1.53,1.48,1.45,1.44,1.40,1.37,1.34,1.32,1.29,1.28,1.25,1.22,1.19,1.17,1.14,1.11,1.09,1.05,1.03,1.00,0.98,0.96,0.94
Georgia,GEO,GEO,Lari,GEL,Georgia,GE,GEO,,,,,,,3171184.44,3229808.56,3186552.18,3166014.70,3069635.28,3071494.69,2980086.27,3019485.73,3008432.82,2981235.87,2961699.66,2948275.64,2908632.07,2892060.66,2814192.53,2786297.22,2687449.05,2597630.53,2672319.30,2638878.80,2763382.64,2604049.29,2544697.53,2603674.91,2470218.67,2017739.55,1244500.66,88001.18,566.20,9.22,3.51,2.45,2.30,2.15,1.96,1.87,1.78,1.68,1.62,1.50,1.39,1.28,1.17,1.06,1.09,1.00,0.91,0.90,0.89
Ghana,GHA,GHA,Ghana Cedi,GHS,Ghana,GH,GHA,,114608.51,110838.88,108705.98,101817.94,92618.50,79147.86,73182.39,76140.06,67615.57,60911.02,59183.88,56264.29,48728.07,40313.70,32363.77,24998.91,19522.38,11672.46,6735.35,4882.50,3230.75,1839.48,1438.32,644.81,476.54,394.98,278.73,200.24,150.10,117.00,89.20,74.30,66.85,50.74,38.99,27.26,19.49,16.32,13.94,12.23,9.61,7.13,5.81,4.51,3.95,3.43,1.90,1.63,1.36,1.16,1.00,0.89,0.78,0.69
Guinea,GIN,GIN,Guinea Franc,GNF,Guinea,GN,GIN,,,,,,,,,,,,,,,,,,,,,,,,,,,,18.02,14.16,11.64,9.51,8.11,6.45,5.11,5.07,5.00,4.72,4.65,4.58,4.44,4.26,4.00,3.94,3.92,3.38,2.90,2.28,1.66,1.46,1.28,1.20,1.00,0.84,0.74,0.66
GAMBIA,GMB,GMB,Dalasi,GMD,Gambia,GM,GMB,,,,,,,,61.17,56.35,61.71,57.60,52.81,50.22,48.68,49.20,40.68,35.99,32.22,26.28,24.69,22.32,22.36,22.02,19.23,18.73,17.18,12.32,8.77,7.40,6.75,5.93,5.30,2.26,2.22,2.11,2.03,1.96,1.81,1.92,1.82,1.87,1.83,1.79,1.63,1.44,1.23,1.19,1.17,1.12,1.10,1.04,1.00,0.96,0.92,0.88
Guinea-Bissau,GNB,GNB,CFA Franc BCEAO,XOF,Guinea-Bissau,GW,GNB,,,,,,,,,,,,4000.52,3929.50,3743.29,3389.62,3111.90,2902.81,2859.52,2774.46,2609.15,2502.06,2243.26,2203.23,1890.50,1533.16,961.82,726.93,341.45,175.77,97.90,49.13,37.72,22.47,13.62,9.14,7.41,5.12,3.68,2.74,2.54,2.26,1.26,1.23,1.25,1.24,1.21,1.16,1.14,1.10,1.07,1.03,1.00,0.95,0.96,0.98
Equatorial Guinea,GNQ,GNQ,CFA Franc BEAC,XAF,Equatorial Guinea,GQ,GNQ,,,,,,,,,,,,,,,,,,,,,,,,,,,6.66,6.80,6.76,6.59,6.90,7.07,6.83,6.82,6.87,4.46,4.34,3.46,2.71,3.56,2.52,1.72,1.96,1.99,1.98,1.69,1.18,1.04,1.05,0.88,1.26,1.00,0.80,0.72,0.65
Grenada,GRD,GRD,East Caribbean Dollar,XCD,Grenada,GD,GRD,,,,,,,,,,,,,,,,,,,4.69,3.91,3.57,3.33,3.20,3.09,3.00,2.89,2.68,2.58,2.47,2.32,2.13,2.16,2.02,1.94,1.89,1.86,1.81,1.76,1.78,1.70,1.68,1.25,1.22,1.22,1.22,1.20,1.16,1.11,1.09,1.01,1.01,1.00,0.97,1.04,1.11
Guatemala,GTM,GTM,Quetzal,GTQ,Guatemala,GT,GTM,,47.52,48.04,46.83,46.46,47.25,48.12,48.60,48.42,47.53,46.73,44.51,45.08,45.70,39.92,34.51,30.50,27.36,23.49,22.27,20.51,18.64,17.18,16.36,15.35,14.75,12.41,8.78,8.13,7.28,6.56,4.67,3.51,3.23,2.82,2.52,2.32,2.13,1.97,1.80,1.71,1.60,1.67,1.57,1.50,1.42,1.34,1.28,1.19,1.09,1.05,1.00,0.94,0.91,0.88
Guyana,GUY,GUY,Guyana Dollar,GYD,Guyana,GY,GUY,,739.82,709.36,683.72,665.26,668.51,680.67,667.84,636.86,595.50,587.19,569.89,557.94,507.74,477.79,347.55,303.12,321.70,316.39,275.63,258.66,231.40,221.77,212.62,195.21,163.66,142.92,127.27,80.19,64.86,24.70,15.79,6.96,6.14,5.31,4.44,3.95,3.80,3.74,3.64,3.27,3.07,3.13,2.99,2.84,2.70,2.50,1.49,1.19,1.09,1.07,1.00,0.92,0.87,0.83
HONG KONG,HKG,HKG,Hong Kong Dollar,HKD,"Hong Kong, Special Administrative Region of China",HK,HKG,,,,,,,9.83,9.77,9.16,8.87,8.40,7.72,7.17,6.57,5.75,5.15,4.93,4.50,4.33,4.00,3.40,2.94,2.66,2.42,2.32,2.11,2.00,1.93,1.78,1.63,1.45,1.35,1.24,1.13,1.04,0.97,0.94,0.88,0.84,0.83,0.86,0.89,0.91,0.94,1.00,1.04,1.04,1.04,1.01,1.00,1.00,1.00,0.96,0.93,0.89
Honduras,HND,HND,Lempira,HNL,Honduras,HN,HND,,62.89,60.36,58.65,57.42,54.33,53.23,51.88,50.55,49.83,48.56,46.50,47.82,46.05,43.71,38.08,35.80,32.98,29.40,27.98,25.10,22.17,20.69,19.81,18.52,17.91,17.02,16.38,15.93,14.96,13.97,11.53,9.15,8.38,7.38,5.73,4.59,3.73,3.05,2.73,2.45,1.87,1.73,1.65,1.56,1.46,1.36,1.30,1.21,1.13,1.05,1.00,0.93,0.89,0.86
Croatia,HRV,HRV,Croatian Kuna,HRK,Croatia,HR,HRV,,,,,,,,,,,,,,,,,,,,,,,,,,,,,,,,,,,,,1.85,1.78,1.66,1.54,1.48,1.42,1.36,1.31,1.26,1.22,1.18,1.13,1.09,1.03,1.00,1.00,0.97,0.95,0.93
Haiti,HTI,HTI,Gourde,HTG,Haiti,HT,HTI,,,,,,,,,,,,,,,,,,,,,,,,,,,,,,,,,,,,,,,,4.01,3.75,3.37,3.02,2.75,2.16,1.78,1.52,1.32,1.22,1.08,1.05,1.00,0.94,0.87,0.81
Hungary,HUN,HUN,Forint,HUF,Hungary,HU,HUN,,28.16,27.89,28.06,28.18,28.07,40.20,39.08,38.85,37.23,35.81,35.22,34.47,33.75,32.88,33.28,32.95,31.16,30.46,29.39,27.85,26.35,25.06,23.71,22.59,21.24,20.06,19.33,17.86,15.20,12.80,10.18,7.36,6.05,4.99,4.18,3.30,2.70,2.24,1.97,1.83,1.67,1.50,1.38,1.31,1.25,1.22,1.17,1.11,1.06,1.02,1.00,0.97,0.94,0.91
Indonesia,IDN,IDN,Rupiah,IDR,Indonesia,ID,IDN,,1050450.44,925820.11,332133.46,135095.21,62861.39,19092.82,1473.88,555.36,251.59,208.56,183.57,178.67,155.08,115.06,78.55,70.64,61.20,54.03,49.37,36.95,28.21,25.54,24.08,21.08,19.51,18.71,18.73,16.22,14.39,13.08,12.14,11.16,10.59,9.73,9.02,8.23,7.56,6.71,3.83,3.36,2.79,2.44,2.30,2.18,2.01,1.76,1.54,1.38,1.17,1.08,1.00,0.92,0.88,0.85
India,IND,IND,Indian Rupee,INR,India,IN,IND,,35.81,35.06,33.58,30.99,28.55,26.36,23.27,21.43,20.92,20.24,19.93,18.93,17.07,14.49,12.42,12.63,11.92,11.28,11.01,9.51,8.53,7.70,7.12,6.56,6.08,5.67,5.31,4.86,4.49,4.14,3.74,3.29,3.02,2.75,2.50,2.29,2.13,2.00,1.85,1.80,1.73,1.68,1.62,1.56,1.47,1.41,1.33,1.26,1.16,1.09,1.00,0.92,0.86,0.80
"IRAN, ISLAMIC REPUBLIC OF",IRN,IRN,Iranian Rial,IRR,"Iran, Islamic Republic of",IR,IRN,,,,,,,1337.75,1355.78,1354.57,1339.47,1347.36,1325.34,1200.76,1127.85,829.67,537.77,511.04,447.25,375.18,356.12,280.33,229.20,180.24,154.12,138.70,124.63,119.50,106.81,86.49,72.54,61.88,51.32,41.00,32.02,20.93,15.98,11.52,9.24,8.10,7.40,5.69,4.50,4.03,3.14,2.81,2.33,1.99,1.78,1.47,1.17,1.14,1.00,0.80,0.65,0.53
Iraq,IRQ,IRQ,Iraqi Dinar,IQD,Iraq,IQ,IRQ,,,,,,,,,,,,,,,,,,,,,,,,,,,,,,,,,,,,,,,,,,2.41,3.00,2.81,2.61,2.23,1.69,1.43,1.24,0.94,1.20,1.00,0.82,0.79,0.77
Iceland,ISL,ISL,Iceland Krona,ISK,Iceland,IS,ISL,,2810.92,2481.33,2232.46,2062.79,1775.49,1580.84,1431.40,1392.91,1224.94,1013.40,870.31,773.24,653.44,497.07,361.00,254.47,191.71,144.46,98.78,70.11,45.98,30.82,20.06,11.31,8.92,6.75,5.42,4.52,3.67,2.99,2.59,2.39,2.31,2.27,2.21,2.15,2.10,2.04,1.94,1.88,1.81,1.67,1.58,1.57,1.53,1.49,1.37,1.29,1.16,1.07,1.00,0.97,0.94,0.92
Israel,ISR,ISR,New Israeli Sheqel,ILS,Israel,IL,ISR,,117558.92,108240.15,99384.91,92286.67,87522.74,88760.71,81633.44,83035.22,84213.62,82890.47,75631.20,67574.37,59956.26,47923.04,35480.64,26235.88,21013.75,14438.17,9171.73,5202.74,2216.38,981.00,444.09,177.73,36.22,10.06,6.78,5.68,4.67,3.87,3.34,2.82,2.49,2.27,2.02,1.67,1.52,1.41,1.31,1.24,1.22,1.20,1.15,1.15,1.15,1.14,1.08,1.08,1.06,1.01,1.00,0.98,0.94,0.91
Jamaica,JAM,JAM,Jamaican Dollar,JMD,Jamaica,JM,JAM,,,,,,,,1.55,1.49,1.45,1.39,1.32,1.24,1.30,1.03,0.78,0.65,0.58,0.52,0.41,0.35,0.30,0.28,0.26,0.22,0.16,0.13,0.10,0.09,0.08,0.07,0.06,0.04,0.02,0.02,0.01,0.01,0.01,0.01,0.01,0.01,0.01,,,,,,1.55,1.39,1.23,1.10,1.00,0.95,0.89,0.84
Jordan,JOR,JOR,Jordanian Dinar,JOD,Jordan,JO,JOR,,,,,,,,,,,,,,,,,5.59,5.34,4.67,4.91,4.33,4.35,3.66,3.45,3.25,3.31,3.31,3.12,3.15,3.00,2.52,2.23,2.12,2.06,2.01,1.88,1.84,1.81,1.78,1.68,1.69,1.70,1.68,1.67,1.63,1.58,1.55,1.40,1.34,1.11,1.08,1.00,0.94,0.90,0.86
Japan,JPN,JPN,Yen,JPY,Japan,JP,JPN,,4.26,3.95,3.79,3.60,3.41,3.25,3.09,2.93,2.79,2.68,2.18,2.08,1.97,1.74,1.44,1.35,1.25,1.17,1.12,1.09,1.03,1.00,0.98,0.97,0.96,0.95,0.93,0.93,0.93,0.91,0.89,0.87,0.85,0.85,0.85,0.85,0.86,0.85,0.85,0.87,0.88,0.89,0.90,0.92,0.93,0.94,0.95,0.96,0.97,0.98,1.00,1.02,1.03,1.04
Kazakhstan,KAZ,KAZ,Tenge,KZT,Kazakhstan,KZ,KAZ,,,,,,,,,,,,,,,,,,,,,,,,,,,,,,,,153068.36,77954.31,4958.24,369.06,22.41,8.59,6.18,5.33,5.04,4.45,3.79,3.44,3.25,2.91,2.51,2.13,1.75,1.51,1.25,1.20,1.00,0.85,0.81,0.77
Kenya,KEN,KEN,Kenyan Shilling,KES,Kenya,KE,KEN,,50.11,46.12,46.11,46.99,45.76,46.72,45.93,44.85,44.11,44.19,38.32,42.22,41.71,37.85,32.62,29.16,24.53,20.98,20.35,19.27,17.59,15.87,14.22,12.71,11.54,10.65,9.80,9.30,8.73,7.96,7.19,6.39,5.37,4.28,3.65,3.29,2.31,2.08,1.94,1.86,1.76,1.73,1.71,1.61,1.51,1.44,1.33,1.26,1.11,1.02,1.00,0.89,0.81,0.74
KYRGYZSTAN,KGZ,KGZ,Som,KGS,Kyrgyzstan,KG,KGZ,,,,,,,,,,,,,,,,,,,,,,,,,,,,,5858.23,5970.31,5580.46,5170.19,2202.43,236.78,27.71,9.87,6.95,5.13,4.30,3.94,2.87,2.25,2.10,2.06,1.98,1.88,1.76,1.61,1.40,1.14,1.10,1.00,0.82,0.76,0.71
Cambodia,KHM,KHM,Riel,KHR,Cambodia,KH,KHM,,,,,,,,,,,,,,,,,,,,,,,,,,,,,,,,,,,1.94,2.02,1.82,1.75,1.68,1.53,1.50,1.55,1.51,1.50,1.47,1.40,1.32,1.26,1.19,1.06,1.03,1.00,0.97,0.95,0.94
"KOREA, REPUBLIC OF",KOR,KOR,Won,KRW,"Korea, Republic of",KR,KOR,,172.39,151.09,127.56,99.30,74.70,70.20,61.58,53.04,45.75,39.92,33.71,29.49,24.98,21.64,16.27,12.91,10.36,8.88,7.20,6.00,4.83,4.09,3.83,3.61,3.40,3.25,3.08,2.91,2.71,2.56,2.32,2.09,1.95,1.83,1.70,1.58,1.50,1.44,1.36,1.36,1.29,1.25,1.21,1.17,1.13,1.12,1.13,1.10,1.07,1.04,1.00,0.98,0.98,0.97
Kuwait,KWT,KWT,Kuwaiti Dinar,KWD,Kuwait,KW,KWT,,,,2.24,2.23,2.23,2.21,2.18,2.19,2.19,2.17,2.15,1.72,1.70,1.47,0.56,0.56,0.56,0.53,0.54,0.38,0.27,0.24,0.24,0.27,0.27,0.25,0.34,0.31,0.30,,,,2.24,2.42,2.57,2.45,2.12,2.23,2.69,2.28,1.89,2.06,1.96,1.86,1.68,1.37,1.18,1.13,0.96,1.16,1.00,0.82,0.76,0.69
LAO PEOPLE’S DEMOCRATIC REPUBLIC,LAO,LAO,Kip,LAK,Lao PDR,LA,LAO,,,,,,,,,,,,,,,,,,,,,,,,,,205.23,124.52,82.40,72.01,57.22,36.85,26.72,23.65,22.32,20.07,18.64,15.57,13.69,11.47,6.22,2.73,2.19,2.01,1.89,1.66,1.50,1.38,1.25,1.16,1.07,1.10,1.00,0.96,0.92,0.88
Lebanon,LBN,LBN,Lebanese Pound,LBP,Lebanon,LB,LBN,,,,,,,,,,,,,,,,,,,,,,,,,,,,,,17.97,10.39,8.99,5.93,2.70,2.09,1.84,1.66,1.54,1.34,1.28,1.27,1.30,1.32,1.26,1.24,1.23,1.24,1.21,1.17,1.06,1.00,1.00,0.95,0.90,0.85
Liberia,LBR,LBR,Liberian Dollar,LRD,Liberia,LR,LBR,,312.08,331.13,321.69,315.26,303.19,303.40,306.46,306.37,302.66,292.84,296.75,294.49,284.56,264.58,220.25,179.26,182.73,164.57,161.86,147.27,134.51,132.91,127.07,130.80,124.25,122.80,122.22,104.60,96.00,92.96,93.11,88.22,89.17,83.28,79.05,74.22,70.37,78.20,2.01,1.99,2.14,2.26,2.26,2.06,1.86,1.68,1.63,1.46,1.36,1.05,1.00,0.91,0.87,0.84
Sri Lanka,LKA,LKA,Sri Lanka Rupee,LKR,Sri Lanka,LK,LKA,,83.10,84.55,85.72,84.34,82.30,82.10,83.61,82.10,73.24,72.30,64.26,63.31,58.10,51.53,41.43,39.33,35.76,31.18,28.11,24.36,20.30,16.80,14.98,12.82,10.65,10.59,10.00,9.28,8.43,7.60,6.33,5.72,5.23,4.76,4.33,3.97,3.58,3.29,3.01,2.89,2.69,2.37,2.12,2.01,1.85,1.68,1.51,1.32,1.14,1.07,1.00,0.93,0.85,0.78
Lesotho,LSO,LSO,Loti,LSL,Lesotho,LS,LSO,,62.15,61.32,60.32,59.37,58.21,56.28,54.25,57.57,55.32,52.32,51.31,48.41,42.49,39.72,36.17,28.99,27.73,25.80,22.14,21.61,15.28,13.57,14.94,13.70,12.74,10.58,9.28,8.19,6.85,5.96,5.29,4.61,4.04,3.64,3.37,2.96,2.77,2.55,2.27,2.11,2.03,1.86,1.64,1.62,1.53,1.44,1.35,1.21,1.07,1.03,1.00,0.91,0.87,0.82
Lithuania,LTU,LTU,Lithuanian Litas,LTL,Lithuania,LT,LTU,,,,,,,,,,,,,,,,,,,,,,,,,,,,,,,,639.26,194.70,18.68,4.60,2.85,1.84,1.55,1.39,1.34,1.36,1.35,1.35,1.35,1.36,1.33,1.25,1.17,1.08,0.98,1.02,1.00,0.94,0.91,0.89
MACAO,MAC,MAC,Pataca,MOP,"Macao, Special Administrative Region of China",MO,MAC,,,,,,,,,,,,,,,,,,,,,,,,5.02,4.63,4.01,3.93,3.71,3.27,3.01,2.66,2.39,2.14,1.84,1.68,1.58,1.46,1.44,1.42,1.46,1.49,1.52,1.46,1.48,1.48,1.45,1.37,1.27,1.17,1.05,1.05,1.00,0.94,0.87,0.81
Morocco,MAR,MAR,Moroccan Dirham,MAD,Morocco,MA,MAR,,7.73,7.58,7.26,6.82,,,7.73,8.03,8.22,7.98,7.71,7.41,7.15,6.74,5.44,5.39,5.14,4.64,4.28,3.99,3.46,3.15,2.94,2.74,2.52,2.33,2.11,2.03,1.93,1.85,1.76,1.65,1.58,1.52,1.50,1.39,1.38,1.35,1.20,1.19,1.20,1.19,1.18,1.17,1.16,1.14,1.12,1.08,1.02,1.01,1.00,1.01,1.02,1.03
"MOLDOVA, REPUBLIC OF",MDA,MDA,Moldovan Leu,MDL,Moldova,MD,MDA,,,,,,,,,,,,,,,,,,,,,,,,,,,,,,,10805.08,9518.62,3968.96,379.79,39.54,10.50,7.57,5.96,5.30,5.02,3.46,2.72,2.43,2.21,1.92,1.78,1.63,1.44,1.24,1.13,1.11,1.00,0.93,0.86,0.80
Madagascar,MDG,MDG,Malagasy Ariary,MGA,Madagascar,MG,MDG,,232.14,228.06,220.58,212.75,209.29,200.58,189.55,188.28,186.47,179.54,167.94,162.12,157.36,140.63,114.51,109.38,99.50,91.63,85.80,77.07,67.03,52.91,41.15,33.88,30.73,27.83,24.38,19.81,16.35,14.60,13.10,11.61,10.14,9.05,6.39,4.40,3.74,3.48,3.21,2.93,2.73,2.54,2.21,2.15,1.88,1.59,1.43,1.30,1.19,1.09,1.00,0.94,0.89,0.84
Maldives,MDV,MDV,Rufiyaa,MVR,Maldives,MV,MDV,,,,,,,,,,,,,,,,,,,,,,,,,,,,,,,,,,,,,,,,,,,1.46,1.44,1.43,1.42,1.41,1.28,1.20,1.09,1.00,1.00,0.93,0.89,0.84
Mexico,MEX,MEX,Mexican Peso,MXN,Mexico,MX,MEX,,10856.32,10515.02,10233.92,9943.07,9389.47,9245.55,8798.51,8535.38,8446.79,7888.71,7686.37,7231.10,6790.70,5986.98,4863.04,4205.85,3523.80,2700.98,2328.32,1946.20,1458.82,1157.71,719.42,377.71,237.41,151.47,87.24,36.40,17.11,13.53,10.56,8.56,7.49,5.52,5.09,3.88,3.00,2.54,2.21,1.88,1.69,1.61,1.52,1.44,1.34,1.27,1.20,1.14,1.08,1.04,1.00,0.95,0.92,0.89
"MACEDONIA, THE FORMER 
YUGOSLAV REPUBLIC OF",MKD,MKD,Denar,MKD,"Macedonia, Republic of",MK,MKD,,,,,,,,,,,,,,,,,,,,,,,,,,,,,,,,729.14,376.37,27.44,5.06,2.01,1.72,1.67,1.60,1.58,1.54,1.42,1.37,1.33,1.29,1.28,1.23,1.19,1.11,1.03,1.03,1.00,0.97,0.97,0.97
Mali,MLI,MLI,CFA Franc BCEAO,XOF,Mali,ML,MLI,,,,,,,,,14.98,12.37,11.94,11.26,10.55,9.91,9.53,9.10,7.40,6.67,6.17,5.68,5.10,4.39,3.90,3.46,3.21,2.88,2.48,2.73,2.72,2.76,2.80,2.67,2.61,2.56,2.50,1.95,1.65,1.56,1.55,1.55,1.60,1.51,1.52,1.31,1.29,1.30,1.27,1.20,1.17,1.08,1.04,1.00,0.95,0.90,0.85
Mongolia,MNG,MNG,Tugrik,MNT,Mongolia,MN,MNG,,,,,,,,,,,,,,,,,,,,,,,421.74,413.55,409.84,422.90,429.11,472.45,468.65,464.33,433.36,351.63,181.89,66.46,15.86,9.65,6.02,5.44,4.47,4.56,4.11,3.67,3.32,3.12,2.83,2.43,2.02,1.66,1.48,1.22,1.20,1.00,0.89,0.80,0.71
Mozambique,MOZ,MOZ,Mozambique Metical,MZN,Mozambique,MZ,MOZ,,,,,,,,,,,,,,,,,,,,,,754.49,724.91,617.16,546.00,463.99,348.47,309.17,109.85,74.06,50.25,37.49,23.28,17.24,11.81,7.59,5.02,3.04,2.79,2.65,2.54,2.27,1.97,1.82,1.73,1.62,1.50,1.34,1.25,1.15,1.10,1.00,0.93,0.90,0.87
Mauritania,MRT,MRT,Ouguiya,MRO,Mauritania,MR,MRT,,33.60,33.37,32.58,31.19,29.84,30.47,29.25,28.57,28.58,29.02,28.99,27.28,25.46,21.85,19.39,16.86,15.90,14.95,14.59,13.00,12.20,11.37,10.33,9.63,8.68,7.88,7.34,6.65,6.31,5.84,5.69,4.03,3.81,3.40,3.06,2.98,2.92,2.61,2.24,2.12,2.01,1.92,1.78,1.65,1.47,1.35,1.14,1.09,1.08,1.21,1.00,0.88,0.91,0.94
Mauritius,MUS,MUS,Mauritius Rupee,MUR,Mauritius,MU,MUS,,,,,,,,,,,,,,,,,,14.08,12.97,11.71,9.93,7.85,7.08,6.50,5.99,5.58,5.16,4.77,4.23,3.81,3.43,3.12,2.87,2.73,2.50,2.34,2.22,2.08,1.98,1.85,1.75,1.72,1.60,1.52,1.43,1.35,1.30,1.17,1.08,1.02,1.02,1.00,0.96,0.93,0.90
Malawi,MWI,MWI,Kwacha,MWK,Malawi,MW,MWI,,1060.15,1065.18,1022.30,967.40,973.15,938.36,936.42,956.28,897.03,876.04,805.34,746.36,739.52,676.52,571.88,528.58,480.36,423.68,422.75,408.77,353.02,303.26,276.54,248.62,220.46,202.39,178.30,152.75,116.52,95.11,85.95,77.65,68.55,53.48,42.39,23.92,15.70,12.99,10.87,7.78,5.96,4.74,2.93,2.67,2.31,2.09,1.64,1.49,1.37,1.26,1.00,0.96,0.81,0.69
Malaysia,MYS,MYS,Malaysian Ringgit,MYR,Malaysia,MY,MYS,,4.81,5.21,5.28,5.33,5.24,5.13,5.20,5.21,5.40,5.12,5.14,5.17,5.15,4.37,3.88,4.00,3.55,3.32,3.16,2.82,2.64,2.61,2.54,2.42,2.29,2.33,2.55,2.41,2.33,2.23,2.15,2.07,2.02,1.95,1.87,1.81,1.74,1.68,1.55,1.55,1.43,1.45,1.40,1.36,1.28,1.18,1.13,1.08,0.98,1.04,1.00,0.95,0.94,0.93
Namibia,NAM,NAM,Namibia Dollar,NAD,Namibia,NA,NAM,,,,,,,,,,,,,,,,,,,,,,18.04,17.95,15.64,14.00,12.51,9.99,9.05,8.30,6.82,5.90,5.66,5.41,4.93,4.21,3.64,3.44,3.00,2.81,2.58,2.43,1.91,1.72,1.55,1.54,1.51,1.43,1.31,1.20,1.06,1.02,1.00,0.93,0.84,0.75
Niger,NER,NER,CFA Franc BCEAO,XOF,Niger,NE,NER,,9.32,9.02,9.09,9.02,9.09,8.41,8.01,8.45,8.75,8.07,7.53,7.49,7.25,5.33,4.96,5.29,4.71,4.07,3.66,3.50,2.90,2.62,2.37,2.17,1.95,2.07,2.16,2.12,2.24,2.21,2.25,2.37,2.34,2.35,1.77,1.68,1.60,1.55,1.51,1.48,1.41,1.36,1.32,1.33,1.31,1.23,1.22,1.17,1.09,1.03,1.00,0.96,0.93,0.90
Nigeria,NGA,NGA,Naira,NGN,Nigeria,NG,NGA,,2920.74,2748.74,2603.83,2686.99,2623.30,2600.82,2297.69,2368.91,2340.35,2278.68,1506.28,1486.25,1444.46,1371.15,952.54,771.28,674.47,609.21,534.79,479.68,426.69,360.20,343.60,302.02,266.65,252.64,226.32,135.20,109.99,75.83,69.39,59.00,35.11,27.83,21.24,9.97,7.51,7.44,7.88,6.73,4.98,5.00,3.57,3.21,3.22,2.64,2.25,2.15,1.94,2.02,1.00,0.90,0.85,0.81
Nicaragua,NIC,NIC,Cordoba Oro,NIO,Nicaragua,NI,NIC,,119289634680.70,119237888119.29,120749574288.75,120235834938.41,114430601619.08,112936759922.34,108948097296.45,107585699063.24,102962715036.86,101770161835.92,99347343204.04,96424095377.75,92492485299.11,79280943665.91,65095743893.24,62154568833.19,56282093780.78,50318149665.81,48489482087.46,36829744459.97,26887219560.17,24066371589.34,20614350946.60,18571154827.60,13364196691.36,5001777077.95,1311218609.89,210441132.10,1534763.25,31912.71,623.53,13.49,10.90,9.06,3.88,3.42,3.12,2.84,2.49,2.28,2.10,1.96,1.90,1.80,1.65,1.50,1.39,1.27,1.13,1.07,1.00,0.89,0.82,0.76
Norway,NOR,NOR,Norwegian Krone,NOK,Norway,NO,NOR,,13.29,12.95,12.36,11.95,11.41,10.89,10.48,10.17,9.74,9.35,8.29,7.79,7.39,6.80,6.10,5.61,5.20,4.81,4.53,4.28,3.79,3.35,3.03,2.84,2.67,2.54,2.56,2.39,2.28,2.15,2.07,2.03,2.04,2.00,2.00,1.94,1.87,1.81,1.83,1.72,1.48,1.46,1.48,1.44,1.36,1.25,1.15,1.12,1.01,1.06,1.00,0.94,0.91,0.89
Nepal,NPL,NPL,Nepalese Rupee,NPR,Nepal,NP,NPL,,51.72,50.37,47.56,45.92,45.38,40.20,34.89,36.99,33.30,31.25,29.19,28.30,25.15,26.04,21.55,16.90,16.81,17.43,15.93,14.49,13.46,12.47,11.41,10.16,9.55,8.57,7.49,6.65,5.95,5.34,4.83,4.29,3.62,3.27,3.12,2.93,2.72,2.54,2.44,2.24,2.14,1.93,1.86,1.80,1.73,1.63,1.52,1.41,1.33,1.15,1.00,0.90,0.84,0.79
New Zealand,NZL,NZL,New Zealand Dollar,NZD,New Zealand,NZ,NZL,,,,,,,,,,,,13.87,12.18,11.15,10.29,9.94,8.68,7.14,6.13,5.38,4.61,3.99,3.39,3.13,2.89,2.68,2.34,1.99,1.75,1.66,1.57,1.54,1.52,1.49,1.47,1.44,1.41,1.39,1.38,1.37,1.36,1.32,1.27,1.27,1.24,1.20,1.17,1.13,1.08,1.06,1.05,1.00,0.99,0.99,1.00
Pakistan,PAK,PAK,Pakistan Rupee,PKR,Pakistan,PK,PAK,,64.96,62.95,63.00,63.83,60.77,58.50,56.32,51.85,50.88,50.31,48.23,45.83,43.15,37.35,29.77,24.00,21.46,19.67,18.04,16.92,15.52,14.12,12.91,12.26,11.18,10.70,10.36,9.91,9.04,8.32,7.82,6.92,6.28,5.78,5.12,4.50,4.15,3.66,3.40,3.22,2.57,2.39,2.33,2.23,2.07,1.93,1.62,1.51,1.34,1.11,1.00,0.84,0.79,0.75
Panama,PAN,PAN,Balboa,PAB,Panama,PA,PAN,,5.75,5.71,5.69,5.56,5.42,5.38,5.31,5.18,5.15,5.09,5.04,4.89,4.66,4.29,3.85,3.49,3.34,3.19,2.95,2.69,2.01,1.94,1.85,1.72,1.70,1.68,1.68,1.64,1.64,1.66,1.65,1.65,1.57,1.51,1.46,1.45,1.27,1.25,1.23,1.22,1.24,1.23,1.21,1.19,1.17,1.15,1.13,1.09,1.04,1.02,1.00,0.94,0.90,0.86
Peru,PER,PER,Nuevo Sol,PEN,Peru,PE,PER,,1149902040.90,1115321551.76,1066022240.46,1009212843.14,889160527.38,786810762.78,720789203.80,654087187.64,554042031.73,513731995.80,469733414.84,438758523.91,407153571.91,358604365.37,310809114.10,252169010.03,195389711.90,144019918.44,90600225.53,52217122.07,31475415.14,19095260.21,11560393.52,5665778.35,2698891.87,1013329.74,584020.64,316225.14,66922.99,2210.25,31.86,6.64,3.92,2.67,2.12,1.87,1.69,1.58,1.48,1.43,1.38,1.36,1.35,1.31,1.24,1.20,1.12,1.10,1.07,1.04,1.00,0.95,0.94,0.92
Philippines,PHL,PHL,Philippine Peso,PHP,Philippines,PH,PHL,,92.97,90.22,84.49,77.82,74.46,71.61,67.99,66.68,62.66,59.18,51.39,44.92,42.18,36.09,27.22,24.90,22.99,21.23,19.42,16.91,14.80,13.25,12.19,10.67,6.96,5.92,5.75,5.35,4.88,4.47,3.96,3.40,3.15,2.95,2.68,2.49,2.31,2.18,1.78,1.67,1.58,1.50,1.44,1.39,1.32,1.25,1.19,1.15,1.07,1.04,1.00,0.96,0.94,0.93
Papua New Guinea,PNG,PNG,Kina,PGK,Papua New Guinea,PG,PNG,,20.54,20.53,20.47,20.17,19.79,19.36,18.03,16.61,15.78,15.04,14.23,13.76,12.85,10.73,9.85,9.63,8.05,7.49,7.64,6.58,6.15,6.23,6.01,5.06,4.71,4.64,4.58,4.24,3.93,4.03,3.87,3.62,3.52,3.61,3.36,2.90,2.85,2.63,2.29,2.07,1.83,1.71,1.52,1.44,1.47,1.27,1.15,1.13,1.05,1.09,1.00,0.96,0.93,0.91
Poland,POL,POL,Zloty,PLN,Poland,PL,POL,,,,,,,,,,,,,,,,,,,,,,,,,,,,,,,,10.86,6.99,5.05,3.86,2.81,2.20,1.86,1.64,1.47,1.39,1.30,1.25,1.23,1.22,1.17,1.14,1.13,1.08,1.05,1.01,1.00,0.97,0.94,0.92
Paraguay,PRY,PRY,Guarani,PYG,Paraguay,PY,PRY,,289.19,271.07,250.01,246.19,240.78,234.69,227.12,231.53,229.08,223.14,220.07,209.26,194.90,163.97,131.75,124.92,117.85,105.87,96.50,80.93,69.22,59.28,55.78,48.75,38.66,30.64,23.63,17.92,13.97,10.54,7.62,5.96,5.23,4.66,4.14,3.73,3.34,3.23,2.85,2.65,2.37,2.13,1.86,1.65,1.52,1.38,1.30,1.18,1.08,1.06,1.00,0.91,0.87,0.83
Qatar,QAT,QAT,Qatari Rial,QAR,Qatar,QA,QAT,,,,,,,,,,,,,,,,,,,,,,,,,,,,,,,,,,,,,,,,,,2.13,2.23,2.17,1.84,1.63,1.25,1.15,1.04,0.85,1.12,1.00,0.84,0.80,0.77
Romania,ROM,ROU,New Romanian Leu,RON,Romania,RO,ROU,,,,,,,,,,,,,,,,,,,,,,,6118.41,5456.03,5477.83,5464.09,5449.32,5439.74,5441.13,5338.79,5387.49,4742.55,1607.96,535.81,163.67,68.50,50.65,34.89,14.11,9.09,6.15,4.23,3.07,2.50,2.03,1.76,1.58,1.44,1.26,1.10,1.05,1.00,0.96,0.92,0.87
Russian Federation,RUS,RUS,Russian Ruble,RUB,Russian Federation,RU,RUS,,,,,,,,,,,,,,,,,,,,,,,,,,,,,,,77251.02,66651.49,29152.59,1833.01,185.56,45.56,18.67,12.81,11.13,9.39,5.45,3.96,3.40,2.94,2.58,2.15,1.80,1.56,1.37,1.16,1.14,1.00,0.87,0.80,0.74
Rwanda,RWA,RWA,Rwanda Franc,RWF,Rwanda,RW,RWA,,91.75,85.65,93.06,81.96,70.64,66.04,48.25,35.23,34.93,35.39,32.19,32.23,31.64,30.45,26.27,13.98,14.25,12.55,12.11,11.41,11.07,10.28,9.80,9.57,8.19,7.83,8.42,8.37,8.18,7.77,6.85,5.96,5.55,4.88,4.16,2.75,2.48,2.15,2.10,2.31,2.25,2.23,2.35,1.92,1.69,1.54,1.40,1.27,1.12,1.02,1.00,0.93,0.88,0.83
Saudi Arabia,SAU,SAU,Saudi Riyal,SAR,Saudi Arabia,SA,SAU,,,,,,,,,,12.24,12.12,12.15,10.78,10.61,9.53,4.07,4.18,3.42,3.16,3.00,2.39,1.75,1.61,1.70,1.83,1.88,2.01,2.47,2.38,2.50,2.32,2.05,1.99,2.00,2.07,2.05,1.93,1.81,1.77,2.06,1.85,1.66,1.72,1.67,1.59,1.43,1.21,1.11,1.07,0.93,1.14,1.00,0.85,0.85,0.84
Sudan,SDN,SDN,Sudanese Pound,SDG,Sudan,SD,SDN,,56683.10,52214.13,51395.38,49082.21,47239.57,48400.65,45491.88,42611.12,41625.42,38323.20,35709.07,33512.28,29316.34,23805.09,20621.34,19586.35,18327.94,15611.30,12497.81,10081.06,8261.34,6610.21,5061.80,4015.43,3004.74,2055.67,1597.96,1269.32,709.66,518.99,312.20,165.39,79.04,40.02,15.44,7.55,5.69,3.86,3.28,2.83,2.58,2.54,2.36,2.15,1.86,1.71,1.60,1.48,1.24,1.19,1.00,0.85,0.62,0.45
Senegal,SEN,SEN,CFA Franc BCEAO,XOF,Senegal,SN,SEN,,8.81,8.60,8.38,8.26,8.10,8.06,8.03,7.92,7.97,7.45,7.30,7.09,6.81,6.33,5.42,4.85,4.68,4.32,4.05,3.69,3.31,2.98,2.72,2.49,2.31,2.12,2.00,2.03,2.06,2.03,2.03,2.05,2.07,2.07,1.54,1.44,1.38,1.35,1.32,1.31,1.29,1.25,1.21,1.21,1.20,1.17,1.13,1.07,1.00,1.02,1.00,0.96,0.94,0.93
Singapore,SGP,SGP,Singapore Dollar,SGD,Singapore,SG,SGP,,3.51,3.50,3.47,3.43,3.39,3.35,3.30,3.28,3.24,3.16,3.11,2.95,2.80,2.48,2.14,2.09,2.06,2.03,1.97,1.87,1.68,1.59,1.52,1.48,1.47,1.49,1.50,1.49,1.41,1.36,1.30,1.25,1.23,1.19,1.15,1.12,1.11,1.09,1.11,1.16,1.12,1.15,1.16,1.18,1.13,1.10,1.08,1.02,1.03,1.00,1.00,0.99,0.97,0.95
Solomon Islands,SLB,SLB,Solomon Islands Dollar,SBD,Solomon Islands,SB,SLB,,,,,,,,,,,,,,,,,,,,,,,,,,,,,,,,3.96,3.69,3.26,2.87,2.69,2.52,2.24,2.11,2.00,1.93,1.75,1.68,1.50,1.48,1.38,1.31,1.25,1.08,1.03,1.06,1.00,0.90,0.84,0.78
Sierra Leone,SLE,SLE,Leone,SLL,Sierra Leone,SL,SLE,,17379.40,17379.40,17379.40,17379.40,17379.40,16520.83,16081.25,17080.59,16013.00,14026.20,14333.29,15400.44,14535.53,11795.91,10332.71,9490.98,8764.88,7319.50,5909.97,5298.72,5637.46,5186.34,4376.60,3664.30,2621.71,1552.32,869.63,327.33,199.24,123.37,72.32,31.61,17.37,13.70,10.96,8.20,6.33,6.19,5.00,4.27,4.13,2.38,2.48,2.19,1.94,1.66,1.48,1.39,1.26,1.17,1.00,0.85,0.76,0.68
Serbia,SRB,SRB,Serbian Dinar,RSD,Serbia,RS,SRB,,,,,,,,,,,,,,,,,,,,,,,,,,,,,,,,,,,,,,,16.89,13.23,9.29,5.23,2.78,2.27,2.01,1.79,1.55,1.38,1.25,1.11,1.05,1.00,0.92,0.87,0.83
South Sudan,SSD,SSD,South Sudanese Pound,SSP,South Sudan,SS,SSD,,,,,,,,,,,,,,,,,,,,,,,,,,,,,,,,,,,,,,,,,,,,,,,,,,1.01,1.23,1.00,0.66,0.62,0.58
Sao Tome and Principe,STP,STP,Dobra,STD,Sao Tome and Principe,ST,STP,,,,,,,,,,,,,,,,,,,,,,,,,,,,,,,,,,,,,,,,,,,3.74,3.13,3.00,2.72,2.43,1.99,1.61,1.27,1.12,1.00,0.89,0.81,0.73
Suriname,SUR,SUR,Surinam Dollar,SRD,Suriname *,SR,SUR,,,,,,,,,,,,,,,,,8221.69,7292.82,6331.57,5938.18,5241.78,4894.72,4387.52,4176.41,4193.93,4120.90,4002.19,3783.39,2953.06,2711.16,2576.26,1790.94,1594.40,1175.36,453.79,84.19,22.51,20.26,19.89,19.87,9.78,6.32,4.67,3.20,2.60,2.32,2.01,1.42,1.33,1.15,1.08,1.00,0.89,0.79,0.71
Sweden,SWE,SWE,Swedish Krona,SEK,Sweden,SE,SWE,,12.08,11.73,11.28,10.98,10.51,9.92,9.31,8.87,8.66,8.37,7.77,7.26,6.79,6.34,5.79,5.06,4.52,4.09,3.73,3.46,3.09,2.85,2.63,2.39,2.22,2.09,1.97,1.88,1.76,1.63,1.49,1.38,1.36,1.33,1.30,1.25,1.24,1.22,1.22,1.21,1.19,1.16,1.15,1.13,1.12,1.11,1.09,1.06,1.03,1.01,1.00,0.99,0.98,0.97
Swaziland,SWZ,SWZ,Lilangeni,SZL,Swaziland,SZ,SWZ,,,,,,,,,,,,45.40,42.38,38.66,30.87,27.99,26.86,23.65,21.41,19.37,17.05,15.76,15.22,13.22,12.62,11.36,10.72,9.41,9.31,7.50,7.29,5.59,5.14,4.62,3.94,3.55,3.04,2.82,2.54,2.36,2.24,2.04,1.88,1.72,1.62,1.49,1.46,1.24,1.19,1.05,0.99,1.00,0.94,0.87,0.80
Seychelles,SYC,SYC,Seychelles Rupee,SCR,Seychelles,SC,SYC,,24.90,24.54,24.39,24.39,23.37,22.81,22.10,21.66,20.95,20.47,19.89,19.58,15.33,13.62,11.26,9.92,9.09,7.25,6.44,5.53,4.61,4.26,4.21,4.09,3.96,3.88,3.67,3.54,3.40,3.33,3.13,3.20,3.05,2.96,2.93,2.93,3.00,2.94,2.82,2.76,2.73,2.59,2.48,2.34,1.88,1.87,1.84,1.65,1.22,0.96,1.00,0.95,0.84,0.74
Chad,TCD,TCD,CFA Franc BEAC,XAF,Chad,TD,TCD,,13.46,12.81,12.62,11.95,11.04,10.45,9.86,9.54,9.35,9.16,8.82,8.10,7.67,7.19,6.93,6.40,5.90,5.43,4.94,4.57,4.20,3.89,3.56,3.56,2.87,3.03,3.64,3.76,3.44,3.48,3.22,3.13,3.59,3.64,2.53,2.33,2.09,2.01,1.89,2.04,1.94,1.70,1.67,1.67,1.52,1.19,1.08,1.05,0.96,1.06,1.00,0.92,0.87,0.83
Togo,TGO,TGO,CFA Franc BCEAO,XOF,Togo,TG,TGO,,9.20,9.89,9.82,9.51,9.38,9.60,9.08,8.92,8.92,8.51,8.65,7.69,7.72,7.49,5.27,5.51,4.82,4.00,4.56,4.24,3.84,3.40,3.18,2.78,2.73,2.64,2.50,2.46,2.40,2.38,2.31,2.25,2.18,2.37,1.74,1.57,1.49,1.46,1.33,1.32,1.38,1.28,1.20,1.33,1.30,1.20,1.21,1.18,1.03,1.01,1.00,0.95,0.89,0.84
Thailand,THA,THA,Baht,THB,Thailand,TH,THA,,,,,,,7.32,6.76,6.88,6.89,6.67,7.02,7.08,6.66,5.62,4.67,4.51,4.32,4.07,3.71,3.42,3.03,2.80,2.66,2.57,2.53,2.48,2.44,2.33,2.20,2.07,1.96,1.85,1.77,1.72,1.63,1.54,1.49,1.43,1.31,1.36,1.34,1.32,1.31,1.29,1.25,1.20,1.14,1.10,1.06,1.04,1.00,0.96,0.95,0.93
Tajikistan,TJK,TJK,Somoni,TJS,Tajikistan,TJ,TJK,,,,,,,,,,,,,,,,,,,,,,,,,,,457218.09,476363.20,450422.90,462254.92,430718.50,405488.30,203050.26,30135.31,2305.31,718.06,161.00,30.35,18.37,9.78,7.73,6.30,4.84,4.07,3.21,2.73,2.49,2.06,1.62,1.27,1.12,1.00,0.88,0.79,0.71
Turkmenistan,TKM,TKM,Turkmenistan New Manat,TMT,Turkmenistan,TM,TKM,,,,,,,,,,,,,,,,,,,,,,,,,,,,,10460530.54,11006976.17,9944870.59,12578041.45,6203455.82,193857.99,15709.85,1492.90,185.29,16.63,10.28,8.74,7.10,5.75,4.35,3.48,2.73,2.31,2.16,1.92,1.76,1.10,1.00,1.00,0.87,0.80,0.74
Tonga,TON,TON,Pa’anga,TOP,Tonga,TO,TON,,,,,,,,,,,,,,,,,,,,,,,7.34,6.80,6.28,5.90,5.35,4.61,4.15,3.81,3.56,3.17,2.90,2.70,2.70,2.12,2.19,2.08,2.10,2.05,1.93,1.87,1.81,1.66,1.52,1.44,1.37,1.16,1.10,1.01,1.04,1.00,0.95,0.92,0.90
Trinidad and Tobago,TTO,TTO,Trinidad and Tobago Dollar,TTD,Trinidad and Tobago,TT,TTO,,28.42,29.68,28.81,27.78,28.48,27.72,29.36,28.06,25.76,25.78,25.30,23.73,21.36,17.62,11.19,8.98,8.32,7.34,7.11,5.70,4.65,4.42,3.95,3.67,3.48,3.44,3.48,3.32,3.19,2.97,2.57,2.50,2.38,2.25,1.95,1.87,1.78,1.77,1.80,1.66,1.47,1.43,1.51,1.38,1.29,1.10,1.09,0.97,0.78,1.08,1.00,0.86,0.88,0.90
Tunisia,TUN,TUN,Tunisian Dinar,TND,Tunisia,TN,TUN,,,15.50,15.99,15.35,15.17,13.69,13.49,12.95,12.78,12.61,11.83,11.21,10.90,10.04,8.07,7.69,7.47,6.81,6.40,5.80,5.14,4.61,3.98,3.53,3.30,3.18,3.08,2.92,2.71,2.49,2.39,2.23,2.11,2.02,1.93,1.83,1.75,1.54,1.49,1.44,1.39,1.36,1.33,1.31,1.26,1.22,1.18,1.15,1.09,1.05,1.00,0.95,0.90,0.86
Turkey,TUR,TUR,Turkish Lira,TRY,Turkey,TR,TUR,,1845381.61,1761759.61,1671908.96,1571093.46,1535102.60,1476336.92,1389135.54,1311332.70,1253366.12,1172725.78,1079415.65,923350.19,832029.35,682381.58,529009.35,436083.31,377193.40,303969.99,206023.88,116581.52,60403.93,41930.55,32700.29,25899.53,17471.73,11415.36,8393.22,6281.78,3716.63,2118.89,1339.00,841.27,509.24,302.44,147.71,79.41,44.81,24.69,10.38,6.73,4.51,2.95,2.15,1.74,1.55,1.45,1.32,1.25,1.11,1.06,1.00,0.92,0.86,0.81
"TANZANIA, UNITED REPUBLIC OF",TZA,TZA,Tanzanian Shilling,TZS,"Tanzania *, United Republic of",TZ,TZA,,,,,,,,,,,,,,,,,,,,,,,,,,,,,,21.70,17.99,14.69,11.47,9.15,7.35,5.60,4.42,3.70,3.07,2.41,2.17,2.02,1.92,1.79,1.65,1.54,1.45,1.38,1.26,1.15,1.07,1.00,0.92,0.82,0.74
Uganda,UGA,UGA,Uganda Shilling,UGX,Uganda,UG,UGA,,,,,,,,,,,,,,,,,,,,,,,,1594.40,1092.47,872.04,395.78,166.80,59.36,20.47,9.50,6.58,5.22,3.60,2.77,2.59,2.37,2.26,2.20,2.02,2.02,1.82,1.74,1.80,1.67,1.44,1.47,1.43,1.33,1.26,1.10,1.00,0.95,0.77,0.62
Ukraine,UKR,UKR,Hryvnia,UAH,Ukraine,UA,UKR,,,,,,,,,,,,,,,,,,,,,,,,,,,,,1204275.82,1183934.31,1140104.31,979960.06,500954.50,26914.86,783.59,74.38,14.42,8.68,7.35,6.56,5.15,4.18,3.81,3.62,3.35,2.90,2.33,2.03,1.65,1.29,1.14,1.00,0.87,0.81,0.75
Uruguay,URY,URY,Peso Uruguayo,UYU,Uruguay,UY,URY,,18678443.24,15770988.13,14109218.41,11767650.42,8385600.48,5171616.43,2999370.89,1679221.98,776717.56,611240.73,586606.95,445462.25,263324.56,90314.86,70290.29,42349.53,28752.26,18477.53,12586.73,7023.53,4538.25,3563.76,3015.99,1961.86,1254.79,721.07,421.77,244.10,139.78,79.38,38.38,19.11,11.97,8.10,5.83,4.13,3.27,2.56,2.28,2.19,2.11,2.01,1.79,1.53,1.39,1.38,1.30,1.19,1.10,1.05,1.00,0.93,0.85,0.78
United States,USA,USA,US Dollar,USD,United States of America,US,USA,,5.91,5.84,5.76,5.70,5.61,5.51,5.35,5.19,4.98,4.75,4.44,4.22,4.05,3.84,3.52,3.22,3.06,2.88,2.69,2.48,2.28,2.08,1.96,1.89,1.82,1.77,1.73,1.69,1.63,1.57,1.51,1.47,1.43,1.40,1.37,1.34,1.32,1.30,1.28,1.26,1.24,1.21,1.19,1.17,1.14,1.10,1.07,1.04,1.02,1.01,1.00,0.98,0.96,0.95
Uzbekistan,UZB,UZB,Uzbekistan Sum,UZS,Uzbekistan,UZ,UZB,,,,,,,,,,,,,,,,,,,,,,,,,,,,,1045022.69,1058862.88,1044443.98,1004469.22,526652.10,64846.71,5500.69,410.93,87.26,48.06,28.94,20.82,14.45,9.80,6.75,4.64,3.66,3.17,2.61,2.15,1.73,1.44,1.20,1.00,0.87,0.76,0.66
"VENEZUELA, BOLIVARIAN REPUBLIC OF",VEN,VEN,Bolivar,VEF,Venezuela (Bolivarian Republic of),VE,VEN,,9097.37,9054.93,8882.40,8545.19,8461.13,8267.90,7982.44,7913.78,7755.29,7511.03,7426.80,6771.67,6299.62,5647.64,3871.35,3688.51,3437.31,3127.69,2914.03,2449.50,1944.18,1722.54,1660.58,1557.77,1359.20,1230.59,1195.90,897.24,736.85,390.52,275.52,226.86,176.89,134.37,82.49,54.36,25.22,18.22,15.33,12.14,9.38,8.69,6.53,4.84,3.61,2.79,2.36,2.05,1.57,1.46,1.00,0.78,0.68,0.60
VIET NAM,VNM,VNM,Dong,VND,Viet Nam,VN,VNM,,,,,,,,,,,,,,,,,,,,,,,,,,,3710.10,744.89,161.04,31.51,18.57,13.07,7.57,5.71,4.86,4.16,3.55,3.27,3.07,2.82,2.66,2.39,2.33,2.22,2.07,1.90,1.74,1.60,1.46,1.19,1.12,1.00,0.82,0.74,0.67
Vanuatu,VUT,VUT,Vatu,VUV,Vanuatu,VU,VUT,,,,,,,,,,,,,,,,,,,,,3.19,2.99,2.79,2.83,2.78,2.48,2.57,2.65,2.27,2.07,1.95,1.97,1.78,1.73,1.70,1.66,1.63,1.60,1.55,1.43,1.39,1.36,1.31,1.28,1.27,1.24,1.23,1.19,1.13,1.05,1.03,1.00,0.98,0.97,0.95
Samoa,WSM,WSM,Tala,WST,Samoa,WS,WSM,,,,,,,,,,,,,,,,,,,,,,,,6.04,5.12,4.42,4.35,4.36,4.18,3.53,3.63,3.33,3.14,2.89,2.87,1.71,1.83,1.75,1.57,1.52,1.49,1.45,1.41,1.38,1.35,1.26,1.25,1.15,1.10,1.04,1.01,1.00,0.98,0.96,0.95
YEMEN,YEM,YEM,Yemeni Rial,YER,Yemen,YE,YEM,,,,,,,,,,,,,,,,,,,,,,,,,,,,,,,,17.48,15.61,13.79,11.85,9.81,6.73,4.92,4.34,4.74,3.55,2.88,2.80,2.58,2.32,2.04,1.72,1.51,1.36,1.13,1.24,1.00,0.85,0.80,0.75
South Africa,ZAF,ZAF,Rand,ZAR,South Africa,ZA,ZAF,,103.09,101.81,101.21,97.95,96.31,96.01,91.97,88.37,85.09,79.06,75.81,71.53,64.43,54.45,46.98,42.45,38.45,34.58,30.97,26.90,21.53,19.59,17.19,14.75,13.23,11.32,9.67,8.45,7.33,6.25,5.41,4.68,4.08,3.61,3.29,2.99,2.76,2.56,2.37,2.22,2.04,1.89,1.71,1.62,1.52,1.44,1.36,1.25,1.16,1.07,1.00,0.94,0.89,0.85
"CONGO, THE DEMOCRATIC REPUBLIC OF",ZAR,COD,Congolese Franc,CDF,"Congo, Democratic Republic of the",CD,COD,,14948128232076000.00,14088785517782700.00,11620501685856800.00,6186079838568740.00,5974119443380500.00,4299408693020930.00,4095696053705790.00,2582822806191640.00,1615447722164480.00,1372150808078350.00,1412214608635570.00,1305144518293250.00,1184541615747530.00,1004810638261440.00,849818073961911.00,756972263131755.00,480936625519514.00,350353936348524.00,272830939308104.00,135218759017917.00,89307802262589.40,67032690349535.90,46717467254143.40,26214035457978.10,13825733149814.00,10989295933218.70,8555093293809.96,4923301722761.34,2569758205719.96,1222168140152.39,584894519815.46,25404903344.82,607994437.49,34497769.09,128425.83,22673.76,3071.54,1049.59,826.87,152.59,24.78,5.12,3.88,3.43,3.23,2.66,2.32,1.97,1.65,1.22,1.00,0.88,0.86,0.84
Zambia,ZMB,ZMB,Zambian Kwacha,ZMW,Zambia,ZM,ZMB,,46164.41,47916.15,46934.48,46745.82,44912.01,40611.62,32846.18,32760.06,28256.07,22982.47,25937.94,28039.96,27036.76,22551.34,20349.12,23708.61,20579.57,19010.44,16870.96,13841.24,12384.46,11557.13,10888.72,9178.77,7756.85,5495.96,3019.95,1864.02,1385.99,766.26,371.27,192.71,72.58,29.79,18.01,13.04,10.61,8.42,7.05,5.81,4.44,3.58,2.99,2.49,2.08,1.78,1.57,1.39,1.24,1.12,1.00,0.89,0.84,0.79
Zimbabwe,ZWE,ZWE,Zimbabwe Dollar,ZWL,Zimbabwe,ZW,ZWE,,2.54,2.59,2.58,2.64,2.49,2.43,2.52,2.51,2.41,2.30,2.61,2.46,2.17,1.80,1.59,1.42,1.45,1.33,1.30,1.13,1.00,0.94,0.91,1.01,1.21,1.46,1.35,1.26,1.17,1.16,1.17,1.26,1.47,1.52,1.59,1.54,1.41,1.45,1.99,1.84,1.83,1.84,1.79,1.64,1.53,1.45,1.48,1.47,1.45,1.11,1.00,0.93,0.88,0.83
